full_name,clone_url
x011/smtp-tunnel-proxy,https://github.com/x011/smtp-tunnel-proxy.git
GONZOsint/geowifi,https://github.com/GONZOsint/geowifi.git
allenai/objaverse-xl,https://github.com/allenai/objaverse-xl.git
yhy0/github-cve-monitor,https://github.com/yhy0/github-cve-monitor.git
Softcatala/whisper-ctranslate2,https://github.com/Softcatala/whisper-ctranslate2.git
McCloudS/subgen,https://github.com/McCloudS/subgen.git
ucbdrive/few-shot-object-detection,https://github.com/ucbdrive/few-shot-object-detection.git
vysecurity/LinkedInt,https://github.com/vysecurity/LinkedInt.git
fofapro/Hosts_scan,https://github.com/fofapro/Hosts_scan.git
pielco11/fav-up,https://github.com/pielco11/fav-up.git
jazzband/django-admin2,https://github.com/jazzband/django-admin2.git
Al-Azif/ps4-exploit-host,https://github.com/Al-Azif/ps4-exploit-host.git
google/budou,https://github.com/google/budou.git
Boerderij/Varken,https://github.com/Boerderij/Varken.git
Pithikos/python-websocket-server,https://github.com/Pithikos/python-websocket-server.git
machow/siuba,https://github.com/machow/siuba.git
weaveworks/kubediff,https://github.com/weaveworks/kubediff.git
RayBytes/ChatMock,https://github.com/RayBytes/ChatMock.git
JonathonLuiten/TrackEval,https://github.com/JonathonLuiten/TrackEval.git
HackerPoet/PySpace,https://github.com/HackerPoet/PySpace.git
django-treebeard/django-treebeard,https://github.com/django-treebeard/django-treebeard.git
prose-intelligence-ltd/Telepathy-Community,https://github.com/prose-intelligence-ltd/Telepathy-Community.git
Sniper970119/dianping_spider,https://github.com/Sniper970119/dianping_spider.git
jsonluca/OSIF,https://github.com/jsonluca/OSIF.git
ultralytics/JSON2YOLO,https://github.com/ultralytics/JSON2YOLO.git
useragents/Zefoy-TikTok-Automator,https://github.com/useragents/Zefoy-TikTok-Automator.git
nishuzumi/gemini-teacher,https://github.com/nishuzumi/gemini-teacher.git
